id,type,name,title,width,height,year,commonsUrl,originalUrl,thumbUrl,license,licenseUrl,artist,date,source
"1","위성/지도","Seoul, South Korea (50732566993)","File:Seoul, South Korea (50732566993).png","8554","5262","2020","https://commons.wikimedia.org/wiki/File%3ASeoul%2C_South_Korea_(50732566993).png","https://upload.wikimedia.org/wikipedia/commons/8/86/Seoul%2C_South_Korea_%2850732566993%29.png?utm_source=commons.wikimedia.org&utm_campaign=imageinfo&utm_content=original","https://upload.wikimedia.org/wikipedia/commons/thumb/8/86/Seoul%2C_South_Korea_%2850732566993%29.png/960px-Seoul%2C_South_Korea_%2850732566993%29.png?utm_source=commons.wikimedia.org&utm_campaign=imageinfo&utm_content=thumbnail","CC BY 2.0","https://creativecommons.org/licenses/by/2.0","Sentinel Hub","Taken on 18 December 2020, 07:27","search: Seoul satellite map filetype:bitmap"
"2","항공뷰","Han River aerial view","File:Han River aerial view.jpg","1110","832","2021","https://commons.wikimedia.org/wiki/File%3AHan_River_aerial_view.jpg","https://upload.wikimedia.org/wikipedia/commons/7/7f/Han_River_aerial_view.jpg?utm_source=commons.wikimedia.org&utm_campaign=imageinfo&utm_content=original","https://upload.wikimedia.org/wikipedia/commons/thumb/7/7f/Han_River_aerial_view.jpg/960px-Han_River_aerial_view.jpg?utm_source=commons.wikimedia.org&utm_campaign=imageinfo&utm_content=thumbnail","CC BY-SA 4.0","https://creativecommons.org/licenses/by-sa/4.0","Brit in Seoul","2021-01-25 23:59:57","search: Seoul aerial view filetype:bitmap"
"3","항공뷰","View from the Sky Terrace in Seoul","File:View from the Sky Terrace in Seoul.jpg","4032","3024","2021","https://commons.wikimedia.org/wiki/File%3AView_from_the_Sky_Terrace_in_Seoul.jpg","https://upload.wikimedia.org/wikipedia/commons/6/6e/View_from_the_Sky_Terrace_in_Seoul.jpg?utm_source=commons.wikimedia.org&utm_campaign=imageinfo&utm_content=original","https://upload.wikimedia.org/wikipedia/commons/thumb/6/6e/View_from_the_Sky_Terrace_in_Seoul.jpg/960px-View_from_the_Sky_Terrace_in_Seoul.jpg?utm_source=commons.wikimedia.org&utm_campaign=imageinfo&utm_content=thumbnail","CC BY-SA 4.0","https://creativecommons.org/licenses/by-sa/4.0","Christophe95","2021-01-24 17:11:04","Category:Views from Lotte World Tower"
"4","파노라마","Seoul panorama from N Seoul Tower","File:Seoul panorama from N Seoul Tower.jpg","22579","3909","2021","https://commons.wikimedia.org/wiki/File%3ASeoul_panorama_from_N_Seoul_Tower.jpg","https://upload.wikimedia.org/wikipedia/commons/d/d9/Seoul_panorama_from_N_Seoul_Tower.jpg?utm_source=commons.wikimedia.org&utm_campaign=imageinfo&utm_content=original","https://upload.wikimedia.org/wikipedia/commons/thumb/d/d9/Seoul_panorama_from_N_Seoul_Tower.jpg/960px-Seoul_panorama_from_N_Seoul_Tower.jpg?utm_source=commons.wikimedia.org&utm_campaign=imageinfo&utm_content=thumbnail","CC BY-SA 2.0","https://creativecommons.org/licenses/by-sa/2.0","cafuego","2021-08-31 12:49:43","Category:Views from N Seoul Tower"
"5","한강 축","Cityscape of Yeouido skyscrapers and Hangang Railway Bridge 20240501113854","File:Cityscape of Yeouido skyscrapers and Hangang Railway Bridge 20240501113854.jpg","5751","3834","2024","https://commons.wikimedia.org/wiki/File%3ACityscape_of_Yeouido_skyscrapers_and_Hangang_Railway_Bridge_20240501113854.jpg","https://upload.wikimedia.org/wikipedia/commons/a/a1/Cityscape_of_Yeouido_skyscrapers_and_Hangang_Railway_Bridge_20240501113854.jpg?utm_source=commons.wikimedia.org&utm_campaign=imageinfo&utm_content=original","https://upload.wikimedia.org/wikipedia/commons/thumb/a/a1/Cityscape_of_Yeouido_skyscrapers_and_Hangang_Railway_Bridge_20240501113854.jpg/960px-Cityscape_of_Yeouido_skyscrapers_and_Hangang_Railway_Bridge_20240501113854.jpg?utm_source=commons.wikimedia.org&utm_campaign=imageinfo&utm_content=thumbnail","CC BY-SA 4.0","https://creativecommons.org/licenses/by-sa/4.0","TurnOnTheNight","2024-05-01 11:38:54","Category:Yeouido"
"6","파노라마","Seoul city view panorama from Namsan Mountain (49174492133)","File:Seoul city view panorama from Namsan Mountain (49174492133).jpg","8192","1856","2025","https://commons.wikimedia.org/wiki/File%3ASeoul_city_view_panorama_from_Namsan_Mountain_(49174492133).jpg","https://upload.wikimedia.org/wikipedia/commons/4/4b/Seoul_city_view_panorama_from_Namsan_Mountain_%2849174492133%29.jpg?utm_source=commons.wikimedia.org&utm_campaign=imageinfo&utm_content=original","https://upload.wikimedia.org/wikipedia/commons/thumb/4/4b/Seoul_city_view_panorama_from_Namsan_Mountain_%2849174492133%29.jpg/960px-Seoul_city_view_panorama_from_Namsan_Mountain_%2849174492133%29.jpg?utm_source=commons.wikimedia.org&utm_campaign=imageinfo&utm_content=thumbnail","CC BY-SA 2.0","https://creativecommons.org/licenses/by-sa/2.0","Matt Kieffer from London, United Kingdom","2025-10-26 01:01:39","search: Seoul panorama filetype:bitmap"
"7","파노라마","Tallest buildings 2022 whether or not FoP","File:Tallest buildings 2022 whether or not FoP.png","2902","1247","2022","https://commons.wikimedia.org/wiki/File%3ATallest_buildings_2022_whether_or_not_FoP.png","https://upload.wikimedia.org/wikipedia/commons/9/96/Tallest_buildings_2022_whether_or_not_FoP.png?utm_source=commons.wikimedia.org&utm_campaign=imageinfo&utm_content=original","https://upload.wikimedia.org/wikipedia/commons/thumb/9/96/Tallest_buildings_2022_whether_or_not_FoP.png/960px-Tallest_buildings_2022_whether_or_not_FoP.png?utm_source=commons.wikimedia.org&utm_campaign=imageinfo&utm_content=thumbnail","CC BY-SA 4.0","https://creativecommons.org/licenses/by-sa/4.0","Original: Phoenix CZE Derivative work: Ox1997cow","2022-11-25","search: Lotte World Tower view Seoul filetype:bitmap"
"8","파노라마","Yeouido2025","File:Yeouido2025.jpg","2726","2045","2025","https://commons.wikimedia.org/wiki/File%3AYeouido2025.jpg","https://upload.wikimedia.org/wikipedia/commons/4/45/Yeouido2025.jpg?utm_source=commons.wikimedia.org&utm_campaign=imageinfo&utm_content=original","https://upload.wikimedia.org/wikipedia/commons/thumb/4/45/Yeouido2025.jpg/960px-Yeouido2025.jpg?utm_source=commons.wikimedia.org&utm_campaign=imageinfo&utm_content=thumbnail","CC BY 4.0","https://creativecommons.org/licenses/by/4.0","Kimhs5400","2025-04-23 13:34:25","Category:Yeouido"
"9","한강 축","Han River Seoul skyline Pixabay 1214950","File:Han River Seoul skyline Pixabay 1214950.jpg","5964","2912","2020","https://commons.wikimedia.org/wiki/File%3AHan_River_Seoul_skyline_Pixabay_1214950.jpg","https://upload.wikimedia.org/wikipedia/commons/c/cc/Han_River_Seoul_skyline_Pixabay_1214950.jpg?utm_source=commons.wikimedia.org&utm_campaign=imageinfo&utm_content=original","https://upload.wikimedia.org/wikipedia/commons/thumb/c/cc/Han_River_Seoul_skyline_Pixabay_1214950.jpg/960px-Han_River_Seoul_skyline_Pixabay_1214950.jpg?utm_source=commons.wikimedia.org&utm_campaign=imageinfo&utm_content=thumbnail","CC0","http://creativecommons.org/publicdomain/zero/1.0/deed.en","USAGI_POST","2020-09-09 01:48:01","Category:Skylines in Seoul"
"10","고지대 전경","Seoul Songpagu sunset","File:Seoul Songpagu sunset.jpg","5472","1986","2021","https://commons.wikimedia.org/wiki/File%3ASeoul_Songpagu_sunset.jpg","https://upload.wikimedia.org/wikipedia/commons/f/f1/Seoul_Songpagu_sunset.jpg?utm_source=commons.wikimedia.org&utm_campaign=imageinfo&utm_content=original","https://upload.wikimedia.org/wikipedia/commons/thumb/f/f1/Seoul_Songpagu_sunset.jpg/960px-Seoul_Songpagu_sunset.jpg?utm_source=commons.wikimedia.org&utm_campaign=imageinfo&utm_content=thumbnail","CC0","http://creativecommons.org/publicdomain/zero/1.0/deed.en","cmmellow","2021-10-03 04:09:13","search: Seoul panorama filetype:bitmap"
"11","고지대 전경","Yeouido Skyline seen Yongsan Station 2023","File:Yeouido Skyline seen Yongsan Station 2023.jpg","4000","2252","2023","https://commons.wikimedia.org/wiki/File%3AYeouido_Skyline_seen_Yongsan_Station_2023.jpg","https://upload.wikimedia.org/wikipedia/commons/5/5f/Yeouido_Skyline_seen_Yongsan_Station_2023.jpg?utm_source=commons.wikimedia.org&utm_campaign=imageinfo&utm_content=original","https://upload.wikimedia.org/wikipedia/commons/thumb/5/5f/Yeouido_Skyline_seen_Yongsan_Station_2023.jpg/960px-Yeouido_Skyline_seen_Yongsan_Station_2023.jpg?utm_source=commons.wikimedia.org&utm_campaign=imageinfo&utm_content=thumbnail","CC BY-SA 3.0","https://creativecommons.org/licenses/by-sa/3.0","Ox1997cow","2023-03-17 11:40:16","Category:Skylines in Seoul"
"12","고지대 전경","Namsan cityscape (cropped)","File:Namsan cityscape (cropped).jpg","2048","728","2024","https://commons.wikimedia.org/wiki/File%3ANamsan_cityscape_(cropped).jpg","https://upload.wikimedia.org/wikipedia/commons/a/a5/Namsan_cityscape_%28cropped%29.jpg?utm_source=commons.wikimedia.org&utm_campaign=imageinfo&utm_content=original","https://upload.wikimedia.org/wikipedia/commons/thumb/a/a5/Namsan_cityscape_%28cropped%29.jpg/960px-Namsan_cityscape_%28cropped%29.jpg?utm_source=commons.wikimedia.org&utm_campaign=imageinfo&utm_content=thumbnail","CC BY-SA 3.0","http://creativecommons.org/licenses/by-sa/3.0/","Wolfgang Schaefer (photographer)","2024-03-09 19:14:24","search: Seoul cityscape filetype:bitmap"
"13","고지대 전경","Bongeunsa Seoul 4","File:Bongeunsa Seoul 4.jpg","7100","4800","2022","https://commons.wikimedia.org/wiki/File%3ABongeunsa_Seoul_4.jpg","https://upload.wikimedia.org/wikipedia/commons/c/c4/Bongeunsa_Seoul_4.jpg?utm_source=commons.wikimedia.org&utm_campaign=imageinfo&utm_content=original","https://upload.wikimedia.org/wikipedia/commons/thumb/c/c4/Bongeunsa_Seoul_4.jpg/960px-Bongeunsa_Seoul_4.jpg?utm_source=commons.wikimedia.org&utm_campaign=imageinfo&utm_content=thumbnail","CC BY-SA 4.0","https://creativecommons.org/licenses/by-sa/4.0","kallerna","2022-12-06 10:40","search: Seoul panorama filetype:bitmap"
"14","고지대 전경","Bukchon-ro 11-gil 02","File:Bukchon-ro 11-gil 02.jpg","6016","4000","2020","https://commons.wikimedia.org/wiki/File%3ABukchon-ro_11-gil_02.jpg","https://upload.wikimedia.org/wikipedia/commons/c/c8/Bukchon-ro_11-gil_02.jpg?utm_source=commons.wikimedia.org&utm_campaign=imageinfo&utm_content=original","https://upload.wikimedia.org/wikipedia/commons/thumb/c/c8/Bukchon-ro_11-gil_02.jpg/960px-Bukchon-ro_11-gil_02.jpg?utm_source=commons.wikimedia.org&utm_campaign=imageinfo&utm_content=thumbnail","CC BY-SA 4.0","https://creativecommons.org/licenses/by-sa/4.0","Tristan Surtel","2020-05-17 10:01:34","search: Seoul skyline filetype:bitmap"
"15","고지대 전경","Seoul city skyline at night from Namsan Mountain (49175035266)","File:Seoul city skyline at night from Namsan Mountain (49175035266).jpg","6000","4000","2025","https://commons.wikimedia.org/wiki/File%3ASeoul_city_skyline_at_night_from_Namsan_Mountain_(49175035266).jpg","https://upload.wikimedia.org/wikipedia/commons/3/34/Seoul_city_skyline_at_night_from_Namsan_Mountain_%2849175035266%29.jpg?utm_source=commons.wikimedia.org&utm_campaign=imageinfo&utm_content=original","https://upload.wikimedia.org/wikipedia/commons/thumb/3/34/Seoul_city_skyline_at_night_from_Namsan_Mountain_%2849175035266%29.jpg/960px-Seoul_city_skyline_at_night_from_Namsan_Mountain_%2849175035266%29.jpg?utm_source=commons.wikimedia.org&utm_campaign=imageinfo&utm_content=thumbnail","CC BY-SA 2.0","https://creativecommons.org/licenses/by-sa/2.0","Matt Kieffer from London, United Kingdom","2025-10-26 01:02:25","search: Seoul skyline filetype:bitmap"
"16","고지대 전경","Seoul city skyline at night from Namsan Mountain (49174548523)","File:Seoul city skyline at night from Namsan Mountain (49174548523).jpg","6000","4000","2025","https://commons.wikimedia.org/wiki/File%3ASeoul_city_skyline_at_night_from_Namsan_Mountain_(49174548523).jpg","https://upload.wikimedia.org/wikipedia/commons/7/73/Seoul_city_skyline_at_night_from_Namsan_Mountain_%2849174548523%29.jpg?utm_source=commons.wikimedia.org&utm_campaign=imageinfo&utm_content=original","https://upload.wikimedia.org/wikipedia/commons/thumb/7/73/Seoul_city_skyline_at_night_from_Namsan_Mountain_%2849174548523%29.jpg/960px-Seoul_city_skyline_at_night_from_Namsan_Mountain_%2849174548523%29.jpg?utm_source=commons.wikimedia.org&utm_campaign=imageinfo&utm_content=thumbnail","CC BY-SA 2.0","https://creativecommons.org/licenses/by-sa/2.0","Matt Kieffer from London, United Kingdom","2025-10-26 01:02:29","search: Seoul skyline filetype:bitmap"
"17","파노라마","Panoramic view of Hyangwonjeong Pavilion in its pond at Gyeongbokgung Palace with blue sky in Seoul","File:Panoramic view of Hyangwonjeong Pavilion in its pond at Gyeongbokgung Palace with blue sky in Seoul.jpg","6720","3360","2024","https://commons.wikimedia.org/wiki/File%3APanoramic_view_of_Hyangwonjeong_Pavilion_in_its_pond_at_Gyeongbokgung_Palace_with_blue_sky_in_Seoul.jpg","https://upload.wikimedia.org/wikipedia/commons/b/ba/Panoramic_view_of_Hyangwonjeong_Pavilion_in_its_pond_at_Gyeongbokgung_Palace_with_blue_sky_in_Seoul.jpg?utm_source=commons.wikimedia.org&utm_campaign=imageinfo&utm_content=original","https://upload.wikimedia.org/wikipedia/commons/thumb/b/ba/Panoramic_view_of_Hyangwonjeong_Pavilion_in_its_pond_at_Gyeongbokgung_Palace_with_blue_sky_in_Seoul.jpg/960px-Panoramic_view_of_Hyangwonjeong_Pavilion_in_its_pond_at_Gyeongbokgung_Palace_with_blue_sky_in_Seoul.jpg?utm_source=commons.wikimedia.org&utm_campaign=imageinfo&utm_content=thumbnail","CC BY-SA 4.0","https://creativecommons.org/licenses/by-sa/4.0","Basile Morin","2024-06-05 09:46:01","search: Seoul panorama filetype:bitmap"
"18","고지대 전경","Skyline of Yeouido, a prominent finance district in Seoul","File:Skyline of Yeouido, a prominent finance district in Seoul.jpg","5328","4000","2024","https://commons.wikimedia.org/wiki/File%3ASkyline_of_Yeouido%2C_a_prominent_finance_district_in_Seoul.jpg","https://upload.wikimedia.org/wikipedia/commons/c/c9/Skyline_of_Yeouido%2C_a_prominent_finance_district_in_Seoul.jpg?utm_source=commons.wikimedia.org&utm_campaign=imageinfo&utm_content=original","https://upload.wikimedia.org/wikipedia/commons/thumb/c/c9/Skyline_of_Yeouido%2C_a_prominent_finance_district_in_Seoul.jpg/960px-Skyline_of_Yeouido%2C_a_prominent_finance_district_in_Seoul.jpg?utm_source=commons.wikimedia.org&utm_campaign=imageinfo&utm_content=thumbnail","CC BY 4.0","https://creativecommons.org/licenses/by/4.0","S h y numis","2024-03-26 16:32:34","Category:Yeouido"
"19","한강 축","Seocho-gu Skyline from Han River — Dec 2023","File:Seocho-gu Skyline from Han River — Dec 2023.jpg","4032","3024","2023","https://commons.wikimedia.org/wiki/File%3ASeocho-gu_Skyline_from_Han_River_%E2%80%94_Dec_2023.jpg","https://upload.wikimedia.org/wikipedia/commons/3/30/Seocho-gu_Skyline_from_Han_River_%E2%80%94_Dec_2023.jpg?utm_source=commons.wikimedia.org&utm_campaign=imageinfo&utm_content=original","https://upload.wikimedia.org/wikipedia/commons/thumb/3/30/Seocho-gu_Skyline_from_Han_River_%E2%80%94_Dec_2023.jpg/960px-Seocho-gu_Skyline_from_Han_River_%E2%80%94_Dec_2023.jpg?utm_source=commons.wikimedia.org&utm_campaign=imageinfo&utm_content=thumbnail","CC0","http://creativecommons.org/publicdomain/zero/1.0/deed.en","SpaceshipMe","2023-12-12 17:00:43","Category:Skylines in Seoul"
"20","고지대 전경","View of Yeouido skyline from Mapo Bridge","File:View of Yeouido skyline from Mapo Bridge.jpg","4032","3024","2023","https://commons.wikimedia.org/wiki/File%3AView_of_Yeouido_skyline_from_Mapo_Bridge.jpg","https://upload.wikimedia.org/wikipedia/commons/b/b1/View_of_Yeouido_skyline_from_Mapo_Bridge.jpg?utm_source=commons.wikimedia.org&utm_campaign=imageinfo&utm_content=original","https://upload.wikimedia.org/wikipedia/commons/thumb/b/b1/View_of_Yeouido_skyline_from_Mapo_Bridge.jpg/960px-View_of_Yeouido_skyline_from_Mapo_Bridge.jpg?utm_source=commons.wikimedia.org&utm_campaign=imageinfo&utm_content=thumbnail","CC BY-SA 4.0","https://creativecommons.org/licenses/by-sa/4.0","*Youngjin","2023-07-22 09:50:10","search: Seoul skyline filetype:bitmap"
"21","한강 축","Cityscape of Jung-gu Seoul Station Square 20240219","File:Cityscape of Jung-gu Seoul Station Square 20240219.jpg","3649","2747","2024","https://commons.wikimedia.org/wiki/File%3ACityscape_of_Jung-gu_Seoul_Station_Square_20240219.jpg","https://upload.wikimedia.org/wikipedia/commons/1/18/Cityscape_of_Jung-gu_Seoul_Station_Square_20240219.jpg?utm_source=commons.wikimedia.org&utm_campaign=imageinfo&utm_content=original","https://upload.wikimedia.org/wikipedia/commons/thumb/1/18/Cityscape_of_Jung-gu_Seoul_Station_Square_20240219.jpg/960px-Cityscape_of_Jung-gu_Seoul_Station_Square_20240219.jpg?utm_source=commons.wikimedia.org&utm_campaign=imageinfo&utm_content=thumbnail","CC BY 4.0","https://creativecommons.org/licenses/by/4.0","Sean Young (@assanges)","2024-02-19 13:50:08","search: Seoul cityscape filetype:bitmap"
"22","파노라마","Panorama of Seoul Youngdengpo Elementary School at Entrance Spot","File:Panorama of Seoul Youngdengpo Elementary School at Entrance Spot.jpg","4202","1637","2022","https://commons.wikimedia.org/wiki/File%3APanorama_of_Seoul_Youngdengpo_Elementary_School_at_Entrance_Spot.jpg","https://upload.wikimedia.org/wikipedia/commons/9/9e/Panorama_of_Seoul_Youngdengpo_Elementary_School_at_Entrance_Spot.jpg?utm_source=commons.wikimedia.org&utm_campaign=imageinfo&utm_content=original","https://upload.wikimedia.org/wikipedia/commons/thumb/9/9e/Panorama_of_Seoul_Youngdengpo_Elementary_School_at_Entrance_Spot.jpg/960px-Panorama_of_Seoul_Youngdengpo_Elementary_School_at_Entrance_Spot.jpg?utm_source=commons.wikimedia.org&utm_campaign=imageinfo&utm_content=thumbnail","CC BY-SA 3.0","https://creativecommons.org/licenses/by-sa/3.0","호로조","2022-05-11 18:11:44","search: Seoul panorama filetype:bitmap"
"23","고지대 전경","Seoul, South Korea 🇰🇷 - Cityscape 2026","File:Seoul, South Korea 🇰🇷 - Cityscape 2026.jpg","2628","1952","2026","https://commons.wikimedia.org/wiki/File%3ASeoul%2C_South_Korea_%F0%9F%87%B0%F0%9F%87%B7_-_Cityscape_2026.jpg","https://upload.wikimedia.org/wikipedia/commons/5/5f/Seoul%2C_South_Korea_%F0%9F%87%B0%F0%9F%87%B7_-_Cityscape_2026.jpg?utm_source=commons.wikimedia.org&utm_campaign=imageinfo&utm_content=original","https://upload.wikimedia.org/wikipedia/commons/thumb/5/5f/Seoul%2C_South_Korea_%F0%9F%87%B0%F0%9F%87%B7_-_Cityscape_2026.jpg/960px-Seoul%2C_South_Korea_%F0%9F%87%B0%F0%9F%87%B7_-_Cityscape_2026.jpg?utm_source=commons.wikimedia.org&utm_campaign=imageinfo&utm_content=thumbnail","CC BY 4.0","https://creativecommons.org/licenses/by/4.0","Sharon Hahn Darlin","2026-04-05 18:13:14","search: Seoul cityscape filetype:bitmap"
"24","한강 축","63 Building and Yeouido Han River Park at Night","File:63 Building and Yeouido Han River Park at Night.jpg","5312","2988","2022","https://commons.wikimedia.org/wiki/File%3A63_Building_and_Yeouido_Han_River_Park_at_Night.jpg","https://upload.wikimedia.org/wikipedia/commons/d/d7/63_Building_and_Yeouido_Han_River_Park_at_Night.jpg?utm_source=commons.wikimedia.org&utm_campaign=imageinfo&utm_content=original","https://upload.wikimedia.org/wikipedia/commons/thumb/d/d7/63_Building_and_Yeouido_Han_River_Park_at_Night.jpg/960px-63_Building_and_Yeouido_Han_River_Park_at_Night.jpg?utm_source=commons.wikimedia.org&utm_campaign=imageinfo&utm_content=thumbnail","CC BY 2.0","https://creativecommons.org/licenses/by/2.0","Patrick Park","2022-01-11 04:56:58","search: Han River Seoul panorama filetype:bitmap"
"25","한강 축","Han River and Lotte World Tower","File:Han River and Lotte World Tower.jpg","5218","2935","2021","https://commons.wikimedia.org/wiki/File%3AHan_River_and_Lotte_World_Tower.jpg","https://upload.wikimedia.org/wikipedia/commons/9/9c/Han_River_and_Lotte_World_Tower.jpg?utm_source=commons.wikimedia.org&utm_campaign=imageinfo&utm_content=original","https://upload.wikimedia.org/wikipedia/commons/thumb/9/9c/Han_River_and_Lotte_World_Tower.jpg/960px-Han_River_and_Lotte_World_Tower.jpg?utm_source=commons.wikimedia.org&utm_campaign=imageinfo&utm_content=thumbnail","CC0","http://creativecommons.org/publicdomain/zero/1.0/deed.en","mauveine.kim","2021-09-23 19:59:41","search: Han River Seoul panorama filetype:bitmap"
"26","한강 축","Hangang Railway Bridge and Yeouido","File:Hangang Railway Bridge and Yeouido.jpg","4032","1960","2021","https://commons.wikimedia.org/wiki/File%3AHangang_Railway_Bridge_and_Yeouido.jpg","https://upload.wikimedia.org/wikipedia/commons/a/a3/Hangang_Railway_Bridge_and_Yeouido.jpg?utm_source=commons.wikimedia.org&utm_campaign=imageinfo&utm_content=original","https://upload.wikimedia.org/wikipedia/commons/thumb/a/a3/Hangang_Railway_Bridge_and_Yeouido.jpg/960px-Hangang_Railway_Bridge_and_Yeouido.jpg?utm_source=commons.wikimedia.org&utm_campaign=imageinfo&utm_content=thumbnail","CC BY-SA 3.0","https://creativecommons.org/licenses/by-sa/3.0","Ox1997cow","2021-06-22 20:24:38","Category:Yeouido"
"27","고지대 전경","Cityscape of Sanggye 3, 4 Dong","File:Cityscape of Sanggye 3, 4 Dong.jpg","4616","2510","2021","https://commons.wikimedia.org/wiki/File%3ACityscape_of_Sanggye_3%2C_4_Dong.jpg","https://upload.wikimedia.org/wikipedia/commons/d/dd/Cityscape_of_Sanggye_3%2C_4_Dong.jpg?utm_source=commons.wikimedia.org&utm_campaign=imageinfo&utm_content=original","https://upload.wikimedia.org/wikipedia/commons/thumb/d/dd/Cityscape_of_Sanggye_3%2C_4_Dong.jpg/960px-Cityscape_of_Sanggye_3%2C_4_Dong.jpg?utm_source=commons.wikimedia.org&utm_campaign=imageinfo&utm_content=thumbnail","CC BY-SA 3.0","https://creativecommons.org/licenses/by-sa/3.0","Ox1997cow","2021-03-09 13:28:24","Category:Cityscapes of Seoul"
"28","고지대 전경","Cityscape of Sanggye 3, 4, 5 Dong","File:Cityscape of Sanggye 3, 4, 5 Dong.jpg","4032","2268","2021","https://commons.wikimedia.org/wiki/File%3ACityscape_of_Sanggye_3%2C_4%2C_5_Dong.jpg","https://upload.wikimedia.org/wikipedia/commons/d/dc/Cityscape_of_Sanggye_3%2C_4%2C_5_Dong.jpg?utm_source=commons.wikimedia.org&utm_campaign=imageinfo&utm_content=original","https://upload.wikimedia.org/wikipedia/commons/thumb/d/dc/Cityscape_of_Sanggye_3%2C_4%2C_5_Dong.jpg/960px-Cityscape_of_Sanggye_3%2C_4%2C_5_Dong.jpg?utm_source=commons.wikimedia.org&utm_campaign=imageinfo&utm_content=thumbnail","CC BY 3.0","https://creativecommons.org/licenses/by/3.0","Ox1997cow","2021-04-19 19:13:32","Category:Cityscapes of Seoul"
"29","고지대 전경","Cityscape of Jung-gu Seoul Station Seoullo 7017 20240216","File:Cityscape of Jung-gu Seoul Station Seoullo 7017 20240216.jpg","4032","2268","2024","https://commons.wikimedia.org/wiki/File%3ACityscape_of_Jung-gu_Seoul_Station_Seoullo_7017_20240216.jpg","https://upload.wikimedia.org/wikipedia/commons/8/8c/Cityscape_of_Jung-gu_Seoul_Station_Seoullo_7017_20240216.jpg?utm_source=commons.wikimedia.org&utm_campaign=imageinfo&utm_content=original","https://upload.wikimedia.org/wikipedia/commons/thumb/8/8c/Cityscape_of_Jung-gu_Seoul_Station_Seoullo_7017_20240216.jpg/960px-Cityscape_of_Jung-gu_Seoul_Station_Seoullo_7017_20240216.jpg?utm_source=commons.wikimedia.org&utm_campaign=imageinfo&utm_content=thumbnail","CC BY 4.0","https://creativecommons.org/licenses/by/4.0","Sean Young (@assanges)","2024-02-16 15:50:54","search: Seoul cityscape filetype:bitmap"
"30","고지대 전경","Seoul CBD near Eujiro and Namdaemunro","File:Seoul CBD near Eujiro and Namdaemunro.jpg","4000","2252","2025","https://commons.wikimedia.org/wiki/File%3ASeoul_CBD_near_Eujiro_and_Namdaemunro.jpg","https://upload.wikimedia.org/wikipedia/commons/2/25/Seoul_CBD_near_Eujiro_and_Namdaemunro.jpg?utm_source=commons.wikimedia.org&utm_campaign=imageinfo&utm_content=original","https://upload.wikimedia.org/wikipedia/commons/thumb/2/25/Seoul_CBD_near_Eujiro_and_Namdaemunro.jpg/960px-Seoul_CBD_near_Eujiro_and_Namdaemunro.jpg?utm_source=commons.wikimedia.org&utm_campaign=imageinfo&utm_content=thumbnail","CC0","http://creativecommons.org/publicdomain/zero/1.0/deed.en","DtSeoul","2025-12-06","search: Seoul cityscape filetype:bitmap"
"31","고지대 전경","Seoul CBD along Namdaemunro","File:Seoul CBD along Namdaemunro.jpg","4000","2252","2025","https://commons.wikimedia.org/wiki/File%3ASeoul_CBD_along_Namdaemunro.jpg","https://upload.wikimedia.org/wikipedia/commons/9/96/Seoul_CBD_along_Namdaemunro.jpg?utm_source=commons.wikimedia.org&utm_campaign=imageinfo&utm_content=original","https://upload.wikimedia.org/wikipedia/commons/thumb/9/96/Seoul_CBD_along_Namdaemunro.jpg/960px-Seoul_CBD_along_Namdaemunro.jpg?utm_source=commons.wikimedia.org&utm_campaign=imageinfo&utm_content=thumbnail","CC0","http://creativecommons.org/publicdomain/zero/1.0/deed.en","DtSeoul","2025-12-06","search: Seoul cityscape filetype:bitmap"
"32","고지대 전경","Seoul CBD along Euljiro near Euljiro 1-ga Station","File:Seoul CBD along Euljiro near Euljiro 1-ga Station.jpg","4000","2252","2025","https://commons.wikimedia.org/wiki/File%3ASeoul_CBD_along_Euljiro_near_Euljiro_1-ga_Station.jpg","https://upload.wikimedia.org/wikipedia/commons/f/fb/Seoul_CBD_along_Euljiro_near_Euljiro_1-ga_Station.jpg?utm_source=commons.wikimedia.org&utm_campaign=imageinfo&utm_content=original","https://upload.wikimedia.org/wikipedia/commons/thumb/f/fb/Seoul_CBD_along_Euljiro_near_Euljiro_1-ga_Station.jpg/960px-Seoul_CBD_along_Euljiro_near_Euljiro_1-ga_Station.jpg?utm_source=commons.wikimedia.org&utm_campaign=imageinfo&utm_content=thumbnail","CC0","http://creativecommons.org/publicdomain/zero/1.0/deed.en","DtSeoul","2025-12-06","search: Seoul cityscape filetype:bitmap"
"33","고지대 전경","Seoul CBD near Ujeonggukro and Namdaemunro","File:Seoul CBD near Ujeonggukro and Namdaemunro.jpg","4000","2252","2025","https://commons.wikimedia.org/wiki/File%3ASeoul_CBD_near_Ujeonggukro_and_Namdaemunro.jpg","https://upload.wikimedia.org/wikipedia/commons/6/6d/Seoul_CBD_near_Ujeonggukro_and_Namdaemunro.jpg?utm_source=commons.wikimedia.org&utm_campaign=imageinfo&utm_content=original","https://upload.wikimedia.org/wikipedia/commons/thumb/6/6d/Seoul_CBD_near_Ujeonggukro_and_Namdaemunro.jpg/960px-Seoul_CBD_near_Ujeonggukro_and_Namdaemunro.jpg?utm_source=commons.wikimedia.org&utm_campaign=imageinfo&utm_content=thumbnail","CC0","http://creativecommons.org/publicdomain/zero/1.0/deed.en","DtSeoul","2025-12-06","search: Seoul cityscape filetype:bitmap"
"34","고지대 전경","Seoul CBD near Jongro near Jonggak station","File:Seoul CBD near Jongro near Jonggak station.jpg","4000","2252","2025","https://commons.wikimedia.org/wiki/File%3ASeoul_CBD_near_Jongro_near_Jonggak_station.jpg","https://upload.wikimedia.org/wikipedia/commons/9/91/Seoul_CBD_near_Jongro_near_Jonggak_station.jpg?utm_source=commons.wikimedia.org&utm_campaign=imageinfo&utm_content=original","https://upload.wikimedia.org/wikipedia/commons/thumb/9/91/Seoul_CBD_near_Jongro_near_Jonggak_station.jpg/960px-Seoul_CBD_near_Jongro_near_Jonggak_station.jpg?utm_source=commons.wikimedia.org&utm_campaign=imageinfo&utm_content=thumbnail","CC0","http://creativecommons.org/publicdomain/zero/1.0/deed.en","DtSeoul","2025-12-06","search: Seoul cityscape filetype:bitmap"
"35","고지대 전경","Seoul CBD along Sejongdaero","File:Seoul CBD along Sejongdaero.jpg","4000","2252","2025","https://commons.wikimedia.org/wiki/File%3ASeoul_CBD_along_Sejongdaero.jpg","https://upload.wikimedia.org/wikipedia/commons/0/09/Seoul_CBD_along_Sejongdaero.jpg?utm_source=commons.wikimedia.org&utm_campaign=imageinfo&utm_content=original","https://upload.wikimedia.org/wikipedia/commons/thumb/0/09/Seoul_CBD_along_Sejongdaero.jpg/960px-Seoul_CBD_along_Sejongdaero.jpg?utm_source=commons.wikimedia.org&utm_campaign=imageinfo&utm_content=thumbnail","CC0","http://creativecommons.org/publicdomain/zero/1.0/deed.en","DtSeoul","2025-12-06","search: Seoul cityscape filetype:bitmap"
"36","고지대 전경","Seoul CBD along Jongro near Gwanghwamun post office","File:Seoul CBD along Jongro near Gwanghwamun post office.jpg","4000","2252","2025","https://commons.wikimedia.org/wiki/File%3ASeoul_CBD_along_Jongro_near_Gwanghwamun_post_office.jpg","https://upload.wikimedia.org/wikipedia/commons/7/7c/Seoul_CBD_along_Jongro_near_Gwanghwamun_post_office.jpg?utm_source=commons.wikimedia.org&utm_campaign=imageinfo&utm_content=original","https://upload.wikimedia.org/wikipedia/commons/thumb/7/7c/Seoul_CBD_along_Jongro_near_Gwanghwamun_post_office.jpg/960px-Seoul_CBD_along_Jongro_near_Gwanghwamun_post_office.jpg?utm_source=commons.wikimedia.org&utm_campaign=imageinfo&utm_content=thumbnail","CC0","http://creativecommons.org/publicdomain/zero/1.0/deed.en","DtSeoul","2025-12-06","search: Seoul cityscape filetype:bitmap"
"37","고지대 전경","Seoul CBD along Jongro near Gwanghwamun station","File:Seoul CBD along Jongro near Gwanghwamun station.jpg","4000","2252","2025","https://commons.wikimedia.org/wiki/File%3ASeoul_CBD_along_Jongro_near_Gwanghwamun_station.jpg","https://upload.wikimedia.org/wikipedia/commons/3/32/Seoul_CBD_along_Jongro_near_Gwanghwamun_station.jpg?utm_source=commons.wikimedia.org&utm_campaign=imageinfo&utm_content=original","https://upload.wikimedia.org/wikipedia/commons/thumb/3/32/Seoul_CBD_along_Jongro_near_Gwanghwamun_station.jpg/960px-Seoul_CBD_along_Jongro_near_Gwanghwamun_station.jpg?utm_source=commons.wikimedia.org&utm_campaign=imageinfo&utm_content=thumbnail","CC0","http://creativecommons.org/publicdomain/zero/1.0/deed.en","DtSeoul","2025-12-06","search: Seoul cityscape filetype:bitmap"
"38","고지대 전경","Seoul CBD along Euljiro near Lotte Hotel Seoul","File:Seoul CBD along Euljiro near Lotte Hotel Seoul.jpg","4000","2252","2025","https://commons.wikimedia.org/wiki/File%3ASeoul_CBD_along_Euljiro_near_Lotte_Hotel_Seoul.jpg","https://upload.wikimedia.org/wikipedia/commons/6/62/Seoul_CBD_along_Euljiro_near_Lotte_Hotel_Seoul.jpg?utm_source=commons.wikimedia.org&utm_campaign=imageinfo&utm_content=original","https://upload.wikimedia.org/wikipedia/commons/thumb/6/62/Seoul_CBD_along_Euljiro_near_Lotte_Hotel_Seoul.jpg/960px-Seoul_CBD_along_Euljiro_near_Lotte_Hotel_Seoul.jpg?utm_source=commons.wikimedia.org&utm_campaign=imageinfo&utm_content=thumbnail","CC0","http://creativecommons.org/publicdomain/zero/1.0/deed.en","DtSeoul","2025-12-06","search: Seoul cityscape filetype:bitmap"
"39","고지대 전경","Green skyline (10111135456)","File:Green skyline (10111135456).jpg","2296","1352","2023","https://commons.wikimedia.org/wiki/File%3AGreen_skyline_(10111135456).jpg","https://upload.wikimedia.org/wikipedia/commons/6/64/Green_skyline_%2810111135456%29.jpg?utm_source=commons.wikimedia.org&utm_campaign=imageinfo&utm_content=original","https://upload.wikimedia.org/wikipedia/commons/thumb/6/64/Green_skyline_%2810111135456%29.jpg/960px-Green_skyline_%2810111135456%29.jpg?utm_source=commons.wikimedia.org&utm_campaign=imageinfo&utm_content=thumbnail","CC BY 2.0","https://creativecommons.org/licenses/by/2.0","cloud.shepherd","2023-05-09 10:06:09","search: Seoul skyline filetype:bitmap"
"40","고지대 전경","Seoul","File:Seoul (175734251) (cropped).jpg","2048","841","2023","https://commons.wikimedia.org/wiki/File%3ASeoul_(175734251)_(cropped).jpg","https://upload.wikimedia.org/wikipedia/commons/c/c7/Seoul_%28175734251%29_%28cropped%29.jpg?utm_source=commons.wikimedia.org&utm_campaign=imageinfo&utm_content=original","https://upload.wikimedia.org/wikipedia/commons/thumb/c/c7/Seoul_%28175734251%29_%28cropped%29.jpg/960px-Seoul_%28175734251%29_%28cropped%29.jpg?utm_source=commons.wikimedia.org&utm_campaign=imageinfo&utm_content=thumbnail","CC BY-SA 3.0","https://creativecommons.org/licenses/by-sa/3.0","Joon Kyu Park","2023-10-21 06:00:23","Category:Skylines in Seoul"
"41","고지대 전경","Seoul Night Skyline 2022","File:Seoul Night Skyline 2022.jpg","1278","962","2022","https://commons.wikimedia.org/wiki/File%3ASeoul_Night_Skyline_2022.jpg","https://upload.wikimedia.org/wikipedia/commons/2/2e/Seoul_Night_Skyline_2022.jpg?utm_source=commons.wikimedia.org&utm_campaign=imageinfo&utm_content=original","https://upload.wikimedia.org/wikipedia/commons/thumb/2/2e/Seoul_Night_Skyline_2022.jpg/960px-Seoul_Night_Skyline_2022.jpg?utm_source=commons.wikimedia.org&utm_campaign=imageinfo&utm_content=thumbnail","CC BY-SA 4.0","https://creativecommons.org/licenses/by-sa/4.0","Takipoint123","2022-08-18","search: Seoul cityscape filetype:bitmap"
"42","도시 전경","세상을 바꾸는 청년들 입주 건물 전경","File:세상을 바꾸는 청년들 입주 건물 전경.jpg","800","1075","2023","https://commons.wikimedia.org/wiki/File%3A%EC%84%B8%EC%83%81%EC%9D%84_%EB%B0%94%EA%BE%B8%EB%8A%94_%EC%B2%AD%EB%85%84%EB%93%A4_%EC%9E%85%EC%A3%BC_%EA%B1%B4%EB%AC%BC_%EC%A0%84%EA%B2%BD.jpg","https://upload.wikimedia.org/wikipedia/commons/6/67/%EC%84%B8%EC%83%81%EC%9D%84_%EB%B0%94%EA%BE%B8%EB%8A%94_%EC%B2%AD%EB%85%84%EB%93%A4_%EC%9E%85%EC%A3%BC_%EA%B1%B4%EB%AC%BC_%EC%A0%84%EA%B2%BD.jpg?utm_source=commons.wikimedia.org&utm_campaign=imageinfo&utm_content=original","https://upload.wikimedia.org/wikipedia/commons/6/67/%EC%84%B8%EC%83%81%EC%9D%84_%EB%B0%94%EA%BE%B8%EB%8A%94_%EC%B2%AD%EB%85%84%EB%93%A4_%EC%9E%85%EC%A3%BC_%EA%B1%B4%EB%AC%BC_%EC%A0%84%EA%B2%BD.jpg?utm_source=commons.wikimedia.org&utm_campaign=imageinfo&utm_content=thumbnail_unscaled","CC BY-SA 4.0","https://creativecommons.org/licenses/by-sa/4.0","Sanjivasangata","2023-02-18","Category:Yeouido"
"43","한강 축","N Seoul Tower and Raemian Caelitus","File:N Seoul Tower and Raemian Caelitus.jpg","6000","4000","2021","https://commons.wikimedia.org/wiki/File%3AN_Seoul_Tower_and_Raemian_Caelitus.jpg","https://upload.wikimedia.org/wikipedia/commons/a/a2/N_Seoul_Tower_and_Raemian_Caelitus.jpg?utm_source=commons.wikimedia.org&utm_campaign=imageinfo&utm_content=original","https://upload.wikimedia.org/wikipedia/commons/thumb/a/a2/N_Seoul_Tower_and_Raemian_Caelitus.jpg/960px-N_Seoul_Tower_and_Raemian_Caelitus.jpg?utm_source=commons.wikimedia.org&utm_campaign=imageinfo&utm_content=thumbnail","CC BY-SA 2.0","https://creativecommons.org/licenses/by-sa/2.0","Matt Kieffer","2021-08-07 03:13:22","search: Seoul panorama filetype:bitmap"
"44","한강 축","Westward view from Lotte World Tower","File:Westward view from Lotte World Tower.jpg","5860","3896","2020","https://commons.wikimedia.org/wiki/File%3AWestward_view_from_Lotte_World_Tower.jpg","https://upload.wikimedia.org/wikipedia/commons/c/c3/Westward_view_from_Lotte_World_Tower.jpg?utm_source=commons.wikimedia.org&utm_campaign=imageinfo&utm_content=original","https://upload.wikimedia.org/wikipedia/commons/thumb/c/c3/Westward_view_from_Lotte_World_Tower.jpg/960px-Westward_view_from_Lotte_World_Tower.jpg?utm_source=commons.wikimedia.org&utm_campaign=imageinfo&utm_content=thumbnail","CC BY-SA 4.0","https://creativecommons.org/licenses/by-sa/4.0","Tristan Surtel","2020-04-03 12:58:57","Category:Views from Lotte World Tower"
"45","한강 축","Northward view from Lotte World Tower","File:Northward view from Lotte World Tower.jpg","5811","3864","2020","https://commons.wikimedia.org/wiki/File%3ANorthward_view_from_Lotte_World_Tower.jpg","https://upload.wikimedia.org/wikipedia/commons/a/a5/Northward_view_from_Lotte_World_Tower.jpg?utm_source=commons.wikimedia.org&utm_campaign=imageinfo&utm_content=original","https://upload.wikimedia.org/wikipedia/commons/thumb/a/a5/Northward_view_from_Lotte_World_Tower.jpg/960px-Northward_view_from_Lotte_World_Tower.jpg?utm_source=commons.wikimedia.org&utm_campaign=imageinfo&utm_content=thumbnail","CC BY-SA 4.0","https://creativecommons.org/licenses/by-sa/4.0","Tristan Surtel","2020-04-04 10:16:34","Category:Views from Lotte World Tower"
"46","한강 축","Han River seen from Lotte World Tower","File:Han River seen from Lotte World Tower.jpg","5729","3809","2020","https://commons.wikimedia.org/wiki/File%3AHan_River_seen_from_Lotte_World_Tower.jpg","https://upload.wikimedia.org/wikipedia/commons/8/8a/Han_River_seen_from_Lotte_World_Tower.jpg?utm_source=commons.wikimedia.org&utm_campaign=imageinfo&utm_content=original","https://upload.wikimedia.org/wikipedia/commons/thumb/8/8a/Han_River_seen_from_Lotte_World_Tower.jpg/960px-Han_River_seen_from_Lotte_World_Tower.jpg?utm_source=commons.wikimedia.org&utm_campaign=imageinfo&utm_content=thumbnail","CC BY-SA 4.0","https://creativecommons.org/licenses/by-sa/4.0","Tristan Surtel","2020-04-04 11:20:34","Category:Views from Lotte World Tower"
"47","한강 축","Yeouido Hangang Park seen from Dangsan Railway Bridge","File:Yeouido Hangang Park seen from Dangsan Railway Bridge.jpg","4000","3000","2023","https://commons.wikimedia.org/wiki/File%3AYeouido_Hangang_Park_seen_from_Dangsan_Railway_Bridge.jpg","https://upload.wikimedia.org/wikipedia/commons/f/fe/Yeouido_Hangang_Park_seen_from_Dangsan_Railway_Bridge.jpg?utm_source=commons.wikimedia.org&utm_campaign=imageinfo&utm_content=original","https://upload.wikimedia.org/wikipedia/commons/thumb/f/fe/Yeouido_Hangang_Park_seen_from_Dangsan_Railway_Bridge.jpg/960px-Yeouido_Hangang_Park_seen_from_Dangsan_Railway_Bridge.jpg?utm_source=commons.wikimedia.org&utm_campaign=imageinfo&utm_content=thumbnail","CC BY-SA 3.0","https://creativecommons.org/licenses/by-sa/3.0","Ox1997cow","2023-03-28 11:14:35","Category:Yeouido"
"48","한강 축","Namsan and Han River 2022","File:Namsan and Han River 2022.jpg","4000","3000","2022","https://commons.wikimedia.org/wiki/File%3ANamsan_and_Han_River_2022.jpg","https://upload.wikimedia.org/wikipedia/commons/c/c4/Namsan_and_Han_River_2022.jpg?utm_source=commons.wikimedia.org&utm_campaign=imageinfo&utm_content=original","https://upload.wikimedia.org/wikipedia/commons/thumb/c/c4/Namsan_and_Han_River_2022.jpg/960px-Namsan_and_Han_River_2022.jpg?utm_source=commons.wikimedia.org&utm_campaign=imageinfo&utm_content=thumbnail","CC BY-SA 3.0","https://creativecommons.org/licenses/by-sa/3.0","Ox1997cow","2022-12-08 11:08:27","search: Han River Seoul panorama filetype:bitmap"
"49","한강 축","Yeouido river view","File:Yeouido river view.png","795","439","2020","https://commons.wikimedia.org/wiki/File%3AYeouido_river_view.png","https://upload.wikimedia.org/wikipedia/commons/c/ca/Yeouido_river_view.png?utm_source=commons.wikimedia.org&utm_campaign=imageinfo&utm_content=original","https://upload.wikimedia.org/wikipedia/commons/c/ca/Yeouido_river_view.png?utm_source=commons.wikimedia.org&utm_campaign=imageinfo&utm_content=thumbnail_unscaled","CC BY-SA 4.0","https://creativecommons.org/licenses/by-sa/4.0","Brit in Seoul","2020-09-07","Category:Yeouido"
"50","고지대 전경","Cityscape (14501260581)","File:Cityscape (14501260581).jpg","7360","4912","2023","https://commons.wikimedia.org/wiki/File%3ACityscape_(14501260581).jpg","https://upload.wikimedia.org/wikipedia/commons/f/fe/Cityscape_%2814501260581%29.jpg?utm_source=commons.wikimedia.org&utm_campaign=imageinfo&utm_content=original","https://upload.wikimedia.org/wikipedia/commons/thumb/f/fe/Cityscape_%2814501260581%29.jpg/960px-Cityscape_%2814501260581%29.jpg?utm_source=commons.wikimedia.org&utm_campaign=imageinfo&utm_content=thumbnail","CC BY 2.0","https://creativecommons.org/licenses/by/2.0","cloud.shepherd","2023-05-09 10:06:18","search: Seoul cityscape filetype:bitmap"
"51","고지대 전경","Cityscape of Jung-gu Seoul Tongil-ro and Sejong-daero junction 20240219","File:Cityscape of Jung-gu Seoul Tongil-ro and Sejong-daero junction 20240219.jpg","4080","3072","2024","https://commons.wikimedia.org/wiki/File%3ACityscape_of_Jung-gu_Seoul_Tongil-ro_and_Sejong-daero_junction_20240219.jpg","https://upload.wikimedia.org/wikipedia/commons/8/87/Cityscape_of_Jung-gu_Seoul_Tongil-ro_and_Sejong-daero_junction_20240219.jpg?utm_source=commons.wikimedia.org&utm_campaign=imageinfo&utm_content=original","https://upload.wikimedia.org/wikipedia/commons/thumb/8/87/Cityscape_of_Jung-gu_Seoul_Tongil-ro_and_Sejong-daero_junction_20240219.jpg/960px-Cityscape_of_Jung-gu_Seoul_Tongil-ro_and_Sejong-daero_junction_20240219.jpg?utm_source=commons.wikimedia.org&utm_campaign=imageinfo&utm_content=thumbnail","CC BY 4.0","https://creativecommons.org/licenses/by/4.0","Sean Young (@assanges)","2024-02-19 13:50:42","search: Seoul cityscape filetype:bitmap"
"52","고지대 전경","Nissan Skyline R34 GT-R GF-BNR34 White (10)","File:Nissan Skyline R34 GT-R GF-BNR34 White (10).jpg","4000","3000","2025","https://commons.wikimedia.org/wiki/File%3ANissan_Skyline_R34_GT-R_GF-BNR34_White_(10).jpg","https://upload.wikimedia.org/wikipedia/commons/e/e0/Nissan_Skyline_R34_GT-R_GF-BNR34_White_%2810%29.jpg?utm_source=commons.wikimedia.org&utm_campaign=imageinfo&utm_content=original","https://upload.wikimedia.org/wikipedia/commons/thumb/e/e0/Nissan_Skyline_R34_GT-R_GF-BNR34_White_%2810%29.jpg/960px-Nissan_Skyline_R34_GT-R_GF-BNR34_White_%2810%29.jpg?utm_source=commons.wikimedia.org&utm_campaign=imageinfo&utm_content=thumbnail","CC BY-SA 4.0","https://creativecommons.org/licenses/by-sa/4.0","Damian B Oh","2025-04-11 13:58:21","search: Seoul skyline filetype:bitmap"
"53","고지대 전경","Nissan Skyline R34 GT-R GF-BNR34 White (7)","File:Nissan Skyline R34 GT-R GF-BNR34 White (7).jpg","3954","2966","2025","https://commons.wikimedia.org/wiki/File%3ANissan_Skyline_R34_GT-R_GF-BNR34_White_(7).jpg","https://upload.wikimedia.org/wikipedia/commons/c/cf/Nissan_Skyline_R34_GT-R_GF-BNR34_White_%287%29.jpg?utm_source=commons.wikimedia.org&utm_campaign=imageinfo&utm_content=original","https://upload.wikimedia.org/wikipedia/commons/thumb/c/cf/Nissan_Skyline_R34_GT-R_GF-BNR34_White_%287%29.jpg/960px-Nissan_Skyline_R34_GT-R_GF-BNR34_White_%287%29.jpg?utm_source=commons.wikimedia.org&utm_campaign=imageinfo&utm_content=thumbnail","CC BY-SA 4.0","https://creativecommons.org/licenses/by-sa/4.0","Damian B Oh","2025-04-11 13:57:44","search: Seoul skyline filetype:bitmap"
"54","고지대 전경","Nissan Skyline R32 GT-R E-BNR32 Crystal White (4)","File:Nissan Skyline R32 GT-R E-BNR32 Crystal White (4).jpg","3936","2952","2025","https://commons.wikimedia.org/wiki/File%3ANissan_Skyline_R32_GT-R_E-BNR32_Crystal_White_(4).jpg","https://upload.wikimedia.org/wikipedia/commons/2/20/Nissan_Skyline_R32_GT-R_E-BNR32_Crystal_White_%284%29.jpg?utm_source=commons.wikimedia.org&utm_campaign=imageinfo&utm_content=original","https://upload.wikimedia.org/wikipedia/commons/thumb/2/20/Nissan_Skyline_R32_GT-R_E-BNR32_Crystal_White_%284%29.jpg/960px-Nissan_Skyline_R32_GT-R_E-BNR32_Crystal_White_%284%29.jpg?utm_source=commons.wikimedia.org&utm_campaign=imageinfo&utm_content=thumbnail","CC BY-SA 4.0","https://creativecommons.org/licenses/by-sa/4.0","Damian B Oh","2025-04-11 13:58:45","search: Seoul skyline filetype:bitmap"
"55","고지대 전경","Nissan Skyline R34 GT-R GF-BNR34 White (4)","File:Nissan Skyline R34 GT-R GF-BNR34 White (4).jpg","3936","2952","2025","https://commons.wikimedia.org/wiki/File%3ANissan_Skyline_R34_GT-R_GF-BNR34_White_(4).jpg","https://upload.wikimedia.org/wikipedia/commons/5/5b/Nissan_Skyline_R34_GT-R_GF-BNR34_White_%284%29.jpg?utm_source=commons.wikimedia.org&utm_campaign=imageinfo&utm_content=original","https://upload.wikimedia.org/wikipedia/commons/thumb/5/5b/Nissan_Skyline_R34_GT-R_GF-BNR34_White_%284%29.jpg/960px-Nissan_Skyline_R34_GT-R_GF-BNR34_White_%284%29.jpg?utm_source=commons.wikimedia.org&utm_campaign=imageinfo&utm_content=thumbnail","CC BY-SA 4.0","https://creativecommons.org/licenses/by-sa/4.0","Damian B Oh","2025-04-11 13:57:06","search: Seoul skyline filetype:bitmap"
"56","고지대 전경","Nissan Skyline R34 GT-R GF-BNR34 White (6)","File:Nissan Skyline R34 GT-R GF-BNR34 White (6).jpg","3930","2947","2025","https://commons.wikimedia.org/wiki/File%3ANissan_Skyline_R34_GT-R_GF-BNR34_White_(6).jpg","https://upload.wikimedia.org/wikipedia/commons/3/3f/Nissan_Skyline_R34_GT-R_GF-BNR34_White_%286%29.jpg?utm_source=commons.wikimedia.org&utm_campaign=imageinfo&utm_content=original","https://upload.wikimedia.org/wikipedia/commons/thumb/3/3f/Nissan_Skyline_R34_GT-R_GF-BNR34_White_%286%29.jpg/960px-Nissan_Skyline_R34_GT-R_GF-BNR34_White_%286%29.jpg?utm_source=commons.wikimedia.org&utm_campaign=imageinfo&utm_content=thumbnail","CC BY-SA 4.0","https://creativecommons.org/licenses/by-sa/4.0","Damian B Oh","2025-04-11 13:57:40","search: Seoul skyline filetype:bitmap"
"57","고지대 전경","Nissan Skyline R34 GT-R GF-BNR34 White (3)","File:Nissan Skyline R34 GT-R GF-BNR34 White (3).jpg","3925","2944","2025","https://commons.wikimedia.org/wiki/File%3ANissan_Skyline_R34_GT-R_GF-BNR34_White_(3).jpg","https://upload.wikimedia.org/wikipedia/commons/6/68/Nissan_Skyline_R34_GT-R_GF-BNR34_White_%283%29.jpg?utm_source=commons.wikimedia.org&utm_campaign=imageinfo&utm_content=original","https://upload.wikimedia.org/wikipedia/commons/thumb/6/68/Nissan_Skyline_R34_GT-R_GF-BNR34_White_%283%29.jpg/960px-Nissan_Skyline_R34_GT-R_GF-BNR34_White_%283%29.jpg?utm_source=commons.wikimedia.org&utm_campaign=imageinfo&utm_content=thumbnail","CC BY-SA 4.0","https://creativecommons.org/licenses/by-sa/4.0","Damian B Oh","2025-04-11 13:57:02","search: Seoul skyline filetype:bitmap"
"58","고지대 전경","Nissan Skyline R34 GT-R GF-BNR34 White (8)","File:Nissan Skyline R34 GT-R GF-BNR34 White (8).jpg","3922","2941","2025","https://commons.wikimedia.org/wiki/File%3ANissan_Skyline_R34_GT-R_GF-BNR34_White_(8).jpg","https://upload.wikimedia.org/wikipedia/commons/1/14/Nissan_Skyline_R34_GT-R_GF-BNR34_White_%288%29.jpg?utm_source=commons.wikimedia.org&utm_campaign=imageinfo&utm_content=original","https://upload.wikimedia.org/wikipedia/commons/thumb/1/14/Nissan_Skyline_R34_GT-R_GF-BNR34_White_%288%29.jpg/960px-Nissan_Skyline_R34_GT-R_GF-BNR34_White_%288%29.jpg?utm_source=commons.wikimedia.org&utm_campaign=imageinfo&utm_content=thumbnail","CC BY-SA 4.0","https://creativecommons.org/licenses/by-sa/4.0","Damian B Oh","2025-04-11 13:58:02","search: Seoul skyline filetype:bitmap"
"59","고지대 전경","Nissan Skyline R34 GT-R GF-BNR34 White (9)","File:Nissan Skyline R34 GT-R GF-BNR34 White (9).jpg","3916","2937","2025","https://commons.wikimedia.org/wiki/File%3ANissan_Skyline_R34_GT-R_GF-BNR34_White_(9).jpg","https://upload.wikimedia.org/wikipedia/commons/e/e9/Nissan_Skyline_R34_GT-R_GF-BNR34_White_%289%29.jpg?utm_source=commons.wikimedia.org&utm_campaign=imageinfo&utm_content=original","https://upload.wikimedia.org/wikipedia/commons/thumb/e/e9/Nissan_Skyline_R34_GT-R_GF-BNR34_White_%289%29.jpg/960px-Nissan_Skyline_R34_GT-R_GF-BNR34_White_%289%29.jpg?utm_source=commons.wikimedia.org&utm_campaign=imageinfo&utm_content=thumbnail","CC BY-SA 4.0","https://creativecommons.org/licenses/by-sa/4.0","Damian B Oh","2025-04-11 13:58:05","search: Seoul skyline filetype:bitmap"
"60","고지대 전경","Nissan Skyline R32 GT-R E-BNR32 Crystal White (3)","File:Nissan Skyline R32 GT-R E-BNR32 Crystal White (3).jpg","3907","2931","2025","https://commons.wikimedia.org/wiki/File%3ANissan_Skyline_R32_GT-R_E-BNR32_Crystal_White_(3).jpg","https://upload.wikimedia.org/wikipedia/commons/d/df/Nissan_Skyline_R32_GT-R_E-BNR32_Crystal_White_%283%29.jpg?utm_source=commons.wikimedia.org&utm_campaign=imageinfo&utm_content=original","https://upload.wikimedia.org/wikipedia/commons/thumb/d/df/Nissan_Skyline_R32_GT-R_E-BNR32_Crystal_White_%283%29.jpg/960px-Nissan_Skyline_R32_GT-R_E-BNR32_Crystal_White_%283%29.jpg?utm_source=commons.wikimedia.org&utm_campaign=imageinfo&utm_content=thumbnail","CC BY-SA 4.0","https://creativecommons.org/licenses/by-sa/4.0","Damian B Oh","2025-04-11 13:58:42","search: Seoul skyline filetype:bitmap"
"61","고지대 전경","Nissan Skyline R34 GT-R GF-BNR34 White (2)","File:Nissan Skyline R34 GT-R GF-BNR34 White (2).jpg","3889","2916","2025","https://commons.wikimedia.org/wiki/File%3ANissan_Skyline_R34_GT-R_GF-BNR34_White_(2).jpg","https://upload.wikimedia.org/wikipedia/commons/7/70/Nissan_Skyline_R34_GT-R_GF-BNR34_White_%282%29.jpg?utm_source=commons.wikimedia.org&utm_campaign=imageinfo&utm_content=original","https://upload.wikimedia.org/wikipedia/commons/thumb/7/70/Nissan_Skyline_R34_GT-R_GF-BNR34_White_%282%29.jpg/960px-Nissan_Skyline_R34_GT-R_GF-BNR34_White_%282%29.jpg?utm_source=commons.wikimedia.org&utm_campaign=imageinfo&utm_content=thumbnail","CC BY-SA 4.0","https://creativecommons.org/licenses/by-sa/4.0","Damian B Oh","2025-04-11 13:56:54","search: Seoul skyline filetype:bitmap"
"62","고지대 전경","Nissan Skyline R32 GT-R E-BNR32 Crystal White (1)","File:Nissan Skyline R32 GT-R E-BNR32 Crystal White (1).jpg","3887","2915","2025","https://commons.wikimedia.org/wiki/File%3ANissan_Skyline_R32_GT-R_E-BNR32_Crystal_White_(1).jpg","https://upload.wikimedia.org/wikipedia/commons/8/85/Nissan_Skyline_R32_GT-R_E-BNR32_Crystal_White_%281%29.jpg?utm_source=commons.wikimedia.org&utm_campaign=imageinfo&utm_content=original","https://upload.wikimedia.org/wikipedia/commons/thumb/8/85/Nissan_Skyline_R32_GT-R_E-BNR32_Crystal_White_%281%29.jpg/960px-Nissan_Skyline_R32_GT-R_E-BNR32_Crystal_White_%281%29.jpg?utm_source=commons.wikimedia.org&utm_campaign=imageinfo&utm_content=thumbnail","CC BY-SA 4.0","https://creativecommons.org/licenses/by-sa/4.0","Damian B Oh","2025-04-11 13:59:03","search: Seoul skyline filetype:bitmap"
"63","고지대 전경","Nissan Skyline R34 GT-R GF-BNR34 White (5)","File:Nissan Skyline R34 GT-R GF-BNR34 White (5).jpg","3867","2900","2025","https://commons.wikimedia.org/wiki/File%3ANissan_Skyline_R34_GT-R_GF-BNR34_White_(5).jpg","https://upload.wikimedia.org/wikipedia/commons/0/0f/Nissan_Skyline_R34_GT-R_GF-BNR34_White_%285%29.jpg?utm_source=commons.wikimedia.org&utm_campaign=imageinfo&utm_content=original","https://upload.wikimedia.org/wikipedia/commons/thumb/0/0f/Nissan_Skyline_R34_GT-R_GF-BNR34_White_%285%29.jpg/960px-Nissan_Skyline_R34_GT-R_GF-BNR34_White_%285%29.jpg?utm_source=commons.wikimedia.org&utm_campaign=imageinfo&utm_content=thumbnail","CC BY-SA 4.0","https://creativecommons.org/licenses/by-sa/4.0","Damian B Oh","2025-04-11 13:57:18","search: Seoul skyline filetype:bitmap"
"64","고지대 전경","Nissan Skyline R32 GT-R E-BNR32 Crystal White (2)","File:Nissan Skyline R32 GT-R E-BNR32 Crystal White (2).jpg","3859","2894","2025","https://commons.wikimedia.org/wiki/File%3ANissan_Skyline_R32_GT-R_E-BNR32_Crystal_White_(2).jpg","https://upload.wikimedia.org/wikipedia/commons/8/8f/Nissan_Skyline_R32_GT-R_E-BNR32_Crystal_White_%282%29.jpg?utm_source=commons.wikimedia.org&utm_campaign=imageinfo&utm_content=original","https://upload.wikimedia.org/wikipedia/commons/thumb/8/8f/Nissan_Skyline_R32_GT-R_E-BNR32_Crystal_White_%282%29.jpg/960px-Nissan_Skyline_R32_GT-R_E-BNR32_Crystal_White_%282%29.jpg?utm_source=commons.wikimedia.org&utm_campaign=imageinfo&utm_content=thumbnail","CC BY-SA 4.0","https://creativecommons.org/licenses/by-sa/4.0","Damian B Oh","2025-04-11 13:59:07","search: Seoul skyline filetype:bitmap"
"65","고지대 전경","Nissan Skyline R34 GT-R GF-BNR34 White (1)","File:Nissan Skyline R34 GT-R GF-BNR34 White (1).jpg","3777","2832","2025","https://commons.wikimedia.org/wiki/File%3ANissan_Skyline_R34_GT-R_GF-BNR34_White_(1).jpg","https://upload.wikimedia.org/wikipedia/commons/d/d3/Nissan_Skyline_R34_GT-R_GF-BNR34_White_%281%29.jpg?utm_source=commons.wikimedia.org&utm_campaign=imageinfo&utm_content=original","https://upload.wikimedia.org/wikipedia/commons/thumb/d/d3/Nissan_Skyline_R34_GT-R_GF-BNR34_White_%281%29.jpg/960px-Nissan_Skyline_R34_GT-R_GF-BNR34_White_%281%29.jpg?utm_source=commons.wikimedia.org&utm_campaign=imageinfo&utm_content=thumbnail","CC BY-SA 4.0","https://creativecommons.org/licenses/by-sa/4.0","Damian B Oh","2025-04-11 13:56:51","search: Seoul skyline filetype:bitmap"
"66","고지대 전경","Skyline & fireworks (10111068804)","File:Skyline & fireworks (10111068804).jpg","2370","1530","2023","https://commons.wikimedia.org/wiki/File%3ASkyline_%26_fireworks_(10111068804).jpg","https://upload.wikimedia.org/wikipedia/commons/0/09/Skyline_%26_fireworks_%2810111068804%29.jpg?utm_source=commons.wikimedia.org&utm_campaign=imageinfo&utm_content=original","https://upload.wikimedia.org/wikipedia/commons/thumb/0/09/Skyline_%26_fireworks_%2810111068804%29.jpg/960px-Skyline_%26_fireworks_%2810111068804%29.jpg?utm_source=commons.wikimedia.org&utm_campaign=imageinfo&utm_content=thumbnail","CC BY 2.0","https://creativecommons.org/licenses/by/2.0","cloud.shepherd","2023-05-13 21:54:36","search: Seoul skyline filetype:bitmap"
"67","도시 전경","Teheran-ro Yeongdong-daero crossing 5","File:Teheran-ro Yeongdong-daero crossing 5.jpg","8900","5500","2022","https://commons.wikimedia.org/wiki/File%3ATeheran-ro_Yeongdong-daero_crossing_5.jpg","https://upload.wikimedia.org/wikipedia/commons/5/59/Teheran-ro_Yeongdong-daero_crossing_5.jpg?utm_source=commons.wikimedia.org&utm_campaign=imageinfo&utm_content=original","https://upload.wikimedia.org/wikipedia/commons/thumb/5/59/Teheran-ro_Yeongdong-daero_crossing_5.jpg/960px-Teheran-ro_Yeongdong-daero_crossing_5.jpg?utm_source=commons.wikimedia.org&utm_campaign=imageinfo&utm_content=thumbnail","CC BY-SA 4.0","https://creativecommons.org/licenses/by-sa/4.0","kallerna","2022-12-06 11:46","search: N Seoul Tower panorama Seoul filetype:bitmap"
"68","도시 전경","Teheran-ro Yeongdong-daero crossing 6","File:Teheran-ro Yeongdong-daero crossing 6.jpg","8000","5000","2022","https://commons.wikimedia.org/wiki/File%3ATeheran-ro_Yeongdong-daero_crossing_6.jpg","https://upload.wikimedia.org/wikipedia/commons/b/bd/Teheran-ro_Yeongdong-daero_crossing_6.jpg?utm_source=commons.wikimedia.org&utm_campaign=imageinfo&utm_content=original","https://upload.wikimedia.org/wikipedia/commons/thumb/b/bd/Teheran-ro_Yeongdong-daero_crossing_6.jpg/960px-Teheran-ro_Yeongdong-daero_crossing_6.jpg?utm_source=commons.wikimedia.org&utm_campaign=imageinfo&utm_content=thumbnail","CC BY-SA 4.0","https://creativecommons.org/licenses/by-sa/4.0","kallerna","2022-12-06 11:43","search: N Seoul Tower panorama Seoul filetype:bitmap"
"69","고지대 전경","Seoul from Namsan 3","File:Seoul from Namsan 3.jpg","12000","3000","2022","https://commons.wikimedia.org/wiki/File%3ASeoul_from_Namsan_3.jpg","https://upload.wikimedia.org/wikipedia/commons/8/86/Seoul_from_Namsan_3.jpg?utm_source=commons.wikimedia.org&utm_campaign=imageinfo&utm_content=original","https://upload.wikimedia.org/wikipedia/commons/thumb/8/86/Seoul_from_Namsan_3.jpg/960px-Seoul_from_Namsan_3.jpg?utm_source=commons.wikimedia.org&utm_campaign=imageinfo&utm_content=thumbnail","CC BY-SA 4.0","https://creativecommons.org/licenses/by-sa/4.0","kallerna","2022-12-04 02:25","search: Seoul panorama filetype:bitmap"
"70","도시 전경","Gangnam from Yeoksam 2","File:Gangnam from Yeoksam 2.jpg","9905","2900","2022","https://commons.wikimedia.org/wiki/File%3AGangnam_from_Yeoksam_2.jpg","https://upload.wikimedia.org/wikipedia/commons/b/b6/Gangnam_from_Yeoksam_2.jpg?utm_source=commons.wikimedia.org&utm_campaign=imageinfo&utm_content=original","https://upload.wikimedia.org/wikipedia/commons/thumb/b/b6/Gangnam_from_Yeoksam_2.jpg/960px-Gangnam_from_Yeoksam_2.jpg?utm_source=commons.wikimedia.org&utm_campaign=imageinfo&utm_content=thumbnail","CC BY-SA 4.0","https://creativecommons.org/licenses/by-sa/4.0","kallerna","2022-12-02 10:24","Category:Cityscapes of Seoul"
"71","고지대 전경","Seoul WV banner","File:Seoul WV banner.jpg","13734","1955","2021","https://commons.wikimedia.org/wiki/File%3ASeoul_WV_banner.jpg","https://upload.wikimedia.org/wikipedia/commons/6/62/Seoul_WV_banner.jpg?utm_source=commons.wikimedia.org&utm_campaign=imageinfo&utm_content=original","https://upload.wikimedia.org/wikipedia/commons/thumb/6/62/Seoul_WV_banner.jpg/960px-Seoul_WV_banner.jpg?utm_source=commons.wikimedia.org&utm_campaign=imageinfo&utm_content=thumbnail","CC BY-SA 2.0","https://creativecommons.org/licenses/by-sa/2.0","cafuego","2021-09-20 12:31:32","Category:Views from N Seoul Tower"
"72","도시 전경","Teheran-ro Yeongdong-daero crossing 9","File:Teheran-ro Yeongdong-daero crossing 9.jpg","6210","3910","2022","https://commons.wikimedia.org/wiki/File%3ATeheran-ro_Yeongdong-daero_crossing_9.jpg","https://upload.wikimedia.org/wikipedia/commons/c/cb/Teheran-ro_Yeongdong-daero_crossing_9.jpg?utm_source=commons.wikimedia.org&utm_campaign=imageinfo&utm_content=original","https://upload.wikimedia.org/wikipedia/commons/thumb/c/cb/Teheran-ro_Yeongdong-daero_crossing_9.jpg/960px-Teheran-ro_Yeongdong-daero_crossing_9.jpg?utm_source=commons.wikimedia.org&utm_campaign=imageinfo&utm_content=thumbnail","CC BY-SA 4.0","https://creativecommons.org/licenses/by-sa/4.0","kallerna","2022-12-06 11:39","search: N Seoul Tower panorama Seoul filetype:bitmap"
"73","도시 전경","Gangnam from Yeoksam 3","File:Gangnam from Yeoksam 3.jpg","7100","2870","2022","https://commons.wikimedia.org/wiki/File%3AGangnam_from_Yeoksam_3.jpg","https://upload.wikimedia.org/wikipedia/commons/f/f8/Gangnam_from_Yeoksam_3.jpg?utm_source=commons.wikimedia.org&utm_campaign=imageinfo&utm_content=original","https://upload.wikimedia.org/wikipedia/commons/thumb/f/f8/Gangnam_from_Yeoksam_3.jpg/960px-Gangnam_from_Yeoksam_3.jpg?utm_source=commons.wikimedia.org&utm_campaign=imageinfo&utm_content=thumbnail","CC BY-SA 4.0","https://creativecommons.org/licenses/by-sa/4.0","kallerna","2022-12-02 10:21","Category:Cityscapes of Seoul"
"74","고지대 전경","Purple sky of Seoul and Lotte World Tower","File:Purple sky of Seoul and Lotte World Tower.jpg","6000","3375","2020","https://commons.wikimedia.org/wiki/File%3APurple_sky_of_Seoul_and_Lotte_World_Tower.jpg","https://upload.wikimedia.org/wikipedia/commons/3/3f/Purple_sky_of_Seoul_and_Lotte_World_Tower.jpg?utm_source=commons.wikimedia.org&utm_campaign=imageinfo&utm_content=original","https://upload.wikimedia.org/wikipedia/commons/thumb/3/3f/Purple_sky_of_Seoul_and_Lotte_World_Tower.jpg/960px-Purple_sky_of_Seoul_and_Lotte_World_Tower.jpg?utm_source=commons.wikimedia.org&utm_campaign=imageinfo&utm_content=thumbnail","CC0","http://creativecommons.org/publicdomain/zero/1.0/deed.en","dlducks123","2020-12-25 10:54:10","search: Seoul panorama filetype:bitmap"
"75","도시 전경","Gangnam from Yeoksam 1","File:Gangnam from Yeoksam 1.jpg","5170","3290","2022","https://commons.wikimedia.org/wiki/File%3AGangnam_from_Yeoksam_1.jpg","https://upload.wikimedia.org/wikipedia/commons/2/24/Gangnam_from_Yeoksam_1.jpg?utm_source=commons.wikimedia.org&utm_campaign=imageinfo&utm_content=original","https://upload.wikimedia.org/wikipedia/commons/thumb/2/24/Gangnam_from_Yeoksam_1.jpg/960px-Gangnam_from_Yeoksam_1.jpg?utm_source=commons.wikimedia.org&utm_campaign=imageinfo&utm_content=thumbnail","CC BY-SA 4.0","https://creativecommons.org/licenses/by-sa/4.0","kallerna","2022-12-02 09:04:37","Category:Cityscapes of Seoul"
"76","고지대 전경","N Seoul Tower view 1","File:N Seoul Tower view 1.jpg","5010","2965","2022","https://commons.wikimedia.org/wiki/File%3AN_Seoul_Tower_view_1.jpg","https://upload.wikimedia.org/wikipedia/commons/6/6a/N_Seoul_Tower_view_1.jpg?utm_source=commons.wikimedia.org&utm_campaign=imageinfo&utm_content=original","https://upload.wikimedia.org/wikipedia/commons/thumb/6/6a/N_Seoul_Tower_view_1.jpg/960px-N_Seoul_Tower_view_1.jpg?utm_source=commons.wikimedia.org&utm_campaign=imageinfo&utm_content=thumbnail","CC BY-SA 4.0","https://creativecommons.org/licenses/by-sa/4.0","kallerna","2022-11-30 12:39:58","Category:Views from N Seoul Tower"
"77","도시 전경","Jamsil Baseball Stadium Seoul","File:Jamsil Baseball Stadium Seoul.jpg","4736","2661","2020","https://commons.wikimedia.org/wiki/File%3AJamsil_Baseball_Stadium_Seoul.jpg","https://upload.wikimedia.org/wikipedia/commons/2/2d/Jamsil_Baseball_Stadium_Seoul.jpg?utm_source=commons.wikimedia.org&utm_campaign=imageinfo&utm_content=original","https://upload.wikimedia.org/wikipedia/commons/thumb/2/2d/Jamsil_Baseball_Stadium_Seoul.jpg/960px-Jamsil_Baseball_Stadium_Seoul.jpg?utm_source=commons.wikimedia.org&utm_campaign=imageinfo&utm_content=thumbnail","CC BY-SA 3.0 de","https://creativecommons.org/licenses/by-sa/3.0/de/deed.en","Arne Müseler","2020-01-16 14:52:16","search: Seoul aerial view filetype:bitmap"
"78","고지대 전경","N Seoul Tower view 2","File:N Seoul Tower view 2.jpg","4600","2500","2022","https://commons.wikimedia.org/wiki/File%3AN_Seoul_Tower_view_2.jpg","https://upload.wikimedia.org/wikipedia/commons/3/3a/N_Seoul_Tower_view_2.jpg?utm_source=commons.wikimedia.org&utm_campaign=imageinfo&utm_content=original","https://upload.wikimedia.org/wikipedia/commons/thumb/3/3a/N_Seoul_Tower_view_2.jpg/960px-N_Seoul_Tower_view_2.jpg?utm_source=commons.wikimedia.org&utm_campaign=imageinfo&utm_content=thumbnail","CC BY-SA 4.0","https://creativecommons.org/licenses/by-sa/4.0","kallerna","2022-11-30 12:19","Category:Views from N Seoul Tower"
"79","한강 축","Han River Bridge in Vietnam Night View","File:Han River Bridge in Vietnam Night View.jpg","4228","2378","2021","https://commons.wikimedia.org/wiki/File%3AHan_River_Bridge_in_Vietnam_Night_View.jpg","https://upload.wikimedia.org/wikipedia/commons/4/4c/Han_River_Bridge_in_Vietnam_Night_View.jpg?utm_source=commons.wikimedia.org&utm_campaign=imageinfo&utm_content=original","https://upload.wikimedia.org/wikipedia/commons/thumb/4/4c/Han_River_Bridge_in_Vietnam_Night_View.jpg/960px-Han_River_Bridge_in_Vietnam_Night_View.jpg?utm_source=commons.wikimedia.org&utm_campaign=imageinfo&utm_content=thumbnail","CC BY 2.0","https://creativecommons.org/licenses/by/2.0","kizamaya","2021-08-07 04:41:36","search: Seoul skyline filetype:bitmap"
"80","고지대 전경","Lotte World Tower from Seongsu Bridge","File:Lotte World Tower from Seongsu Bridge.jpg","4032","2268","2021","https://commons.wikimedia.org/wiki/File%3ALotte_World_Tower_from_Seongsu_Bridge.jpg","https://upload.wikimedia.org/wikipedia/commons/2/22/Lotte_World_Tower_from_Seongsu_Bridge.jpg?utm_source=commons.wikimedia.org&utm_campaign=imageinfo&utm_content=original","https://upload.wikimedia.org/wikipedia/commons/thumb/2/22/Lotte_World_Tower_from_Seongsu_Bridge.jpg/960px-Lotte_World_Tower_from_Seongsu_Bridge.jpg?utm_source=commons.wikimedia.org&utm_campaign=imageinfo&utm_content=thumbnail","CC BY-SA 3.0","https://creativecommons.org/licenses/by-sa/3.0","Ox1997cow","2021-04-04 16:47:33","Category:Skylines in Seoul"
"81","고지대 전경","Lotte World Tower near Cheongdam Bridge 2022","File:Lotte World Tower near Cheongdam Bridge 2022.jpg","4032","2268","2022","https://commons.wikimedia.org/wiki/File%3ALotte_World_Tower_near_Cheongdam_Bridge_2022.jpg","https://upload.wikimedia.org/wikipedia/commons/f/fe/Lotte_World_Tower_near_Cheongdam_Bridge_2022.jpg?utm_source=commons.wikimedia.org&utm_campaign=imageinfo&utm_content=original","https://upload.wikimedia.org/wikipedia/commons/thumb/f/fe/Lotte_World_Tower_near_Cheongdam_Bridge_2022.jpg/960px-Lotte_World_Tower_near_Cheongdam_Bridge_2022.jpg?utm_source=commons.wikimedia.org&utm_campaign=imageinfo&utm_content=thumbnail","CC BY 3.0","https://creativecommons.org/licenses/by/3.0","Ox1997cow","2022-02-09 16:58:08","Category:Skylines in Seoul"
"82","도시 전경","Yeouido from Dongjak Bridge","File:Yeouido from Dongjak Bridge.jpg","4032","2268","2021","https://commons.wikimedia.org/wiki/File%3AYeouido_from_Dongjak_Bridge.jpg","https://upload.wikimedia.org/wikipedia/commons/2/29/Yeouido_from_Dongjak_Bridge.jpg?utm_source=commons.wikimedia.org&utm_campaign=imageinfo&utm_content=original","https://upload.wikimedia.org/wikipedia/commons/thumb/2/29/Yeouido_from_Dongjak_Bridge.jpg/960px-Yeouido_from_Dongjak_Bridge.jpg?utm_source=commons.wikimedia.org&utm_campaign=imageinfo&utm_content=thumbnail","CC BY-SA 3.0","https://creativecommons.org/licenses/by-sa/3.0","Ox1997cow","2021-04-04 17:30:50","Category:Yeouido"
"83","고지대 전경","N Seoul Tower and Inje University Sanggye Paik Hospital Remote View","File:N Seoul Tower and Inje University Sanggye Paik Hospital Remote View.jpg","4032","2268","2021","https://commons.wikimedia.org/wiki/File%3AN_Seoul_Tower_and_Inje_University_Sanggye_Paik_Hospital_Remote_View.jpg","https://upload.wikimedia.org/wikipedia/commons/2/21/N_Seoul_Tower_and_Inje_University_Sanggye_Paik_Hospital_Remote_View.jpg?utm_source=commons.wikimedia.org&utm_campaign=imageinfo&utm_content=original","https://upload.wikimedia.org/wikipedia/commons/thumb/2/21/N_Seoul_Tower_and_Inje_University_Sanggye_Paik_Hospital_Remote_View.jpg/960px-N_Seoul_Tower_and_Inje_University_Sanggye_Paik_Hospital_Remote_View.jpg?utm_source=commons.wikimedia.org&utm_campaign=imageinfo&utm_content=thumbnail","CC BY-SA 3.0","https://creativecommons.org/licenses/by-sa/3.0","Ox1997cow","2021-08-06 12:36:44","search: Seoul panorama filetype:bitmap"
"84","고지대 전경","N Seoul Tower and Dongho Bridge","File:N Seoul Tower and Dongho Bridge.jpg","4032","2268","2021","https://commons.wikimedia.org/wiki/File%3AN_Seoul_Tower_and_Dongho_Bridge.jpg","https://upload.wikimedia.org/wikipedia/commons/c/c0/N_Seoul_Tower_and_Dongho_Bridge.jpg?utm_source=commons.wikimedia.org&utm_campaign=imageinfo&utm_content=original","https://upload.wikimedia.org/wikipedia/commons/thumb/c/c0/N_Seoul_Tower_and_Dongho_Bridge.jpg/960px-N_Seoul_Tower_and_Dongho_Bridge.jpg?utm_source=commons.wikimedia.org&utm_campaign=imageinfo&utm_content=thumbnail","Public domain","","Ox1997cow","2021-04-04 17:01:37","search: Seoul panorama filetype:bitmap"
"85","도시 전경","Yeouido view 20240528","File:Yeouido view 20240528.jpg","4000","2269","2024","https://commons.wikimedia.org/wiki/File%3AYeouido_view_20240528.jpg","https://upload.wikimedia.org/wikipedia/commons/1/17/Yeouido_view_20240528.jpg?utm_source=commons.wikimedia.org&utm_campaign=imageinfo&utm_content=original","https://upload.wikimedia.org/wikipedia/commons/thumb/1/17/Yeouido_view_20240528.jpg/960px-Yeouido_view_20240528.jpg?utm_source=commons.wikimedia.org&utm_campaign=imageinfo&utm_content=thumbnail","CC BY-SA 4.0","https://creativecommons.org/licenses/by-sa/4.0","Ox1997cow","2024-05-28 15:33:22","Category:Skylines in Seoul"
"86","도시 전경","Yeouido seen from Dongjak Bridge at night 20240115 01","File:Yeouido seen from Dongjak Bridge at night 20240115 01.jpg","4000","2269","2024","https://commons.wikimedia.org/wiki/File%3AYeouido_seen_from_Dongjak_Bridge_at_night_20240115_01.jpg","https://upload.wikimedia.org/wikipedia/commons/1/16/Yeouido_seen_from_Dongjak_Bridge_at_night_20240115_01.jpg?utm_source=commons.wikimedia.org&utm_campaign=imageinfo&utm_content=original","https://upload.wikimedia.org/wikipedia/commons/thumb/1/16/Yeouido_seen_from_Dongjak_Bridge_at_night_20240115_01.jpg/960px-Yeouido_seen_from_Dongjak_Bridge_at_night_20240115_01.jpg?utm_source=commons.wikimedia.org&utm_campaign=imageinfo&utm_content=thumbnail","CC BY-SA 4.0","https://creativecommons.org/licenses/by-sa/4.0","Ox1997cow","2024-01-15 18:30:52","Category:Yeouido"
"87","고지대 전경","Yeouido Skyscrapers from Yongsan Station","File:Yeouido Skyscrapers from Yongsan Station.jpg","4000","2252","2022","https://commons.wikimedia.org/wiki/File%3AYeouido_Skyscrapers_from_Yongsan_Station.jpg","https://upload.wikimedia.org/wikipedia/commons/a/ae/Yeouido_Skyscrapers_from_Yongsan_Station.jpg?utm_source=commons.wikimedia.org&utm_campaign=imageinfo&utm_content=original","https://upload.wikimedia.org/wikipedia/commons/thumb/a/ae/Yeouido_Skyscrapers_from_Yongsan_Station.jpg/960px-Yeouido_Skyscrapers_from_Yongsan_Station.jpg?utm_source=commons.wikimedia.org&utm_campaign=imageinfo&utm_content=thumbnail","CC BY-SA 3.0","https://creativecommons.org/licenses/by-sa/3.0","Ox1997cow","2022-07-28 12:01:44","Category:Skylines in Seoul"
"88","도시 전경","동작대교에서 본 여의도의 마천루들","File:동작대교에서 본 여의도의 마천루들.jpg","4000","2252","2022","https://commons.wikimedia.org/wiki/File%3A%EB%8F%99%EC%9E%91%EB%8C%80%EA%B5%90%EC%97%90%EC%84%9C_%EB%B3%B8_%EC%97%AC%EC%9D%98%EB%8F%84%EC%9D%98_%EB%A7%88%EC%B2%9C%EB%A3%A8%EB%93%A4.jpg","https://upload.wikimedia.org/wikipedia/commons/7/70/%EB%8F%99%EC%9E%91%EB%8C%80%EA%B5%90%EC%97%90%EC%84%9C_%EB%B3%B8_%EC%97%AC%EC%9D%98%EB%8F%84%EC%9D%98_%EB%A7%88%EC%B2%9C%EB%A3%A8%EB%93%A4.jpg?utm_source=commons.wikimedia.org&utm_campaign=imageinfo&utm_content=original","https://upload.wikimedia.org/wikipedia/commons/thumb/7/70/%EB%8F%99%EC%9E%91%EB%8C%80%EA%B5%90%EC%97%90%EC%84%9C_%EB%B3%B8_%EC%97%AC%EC%9D%98%EB%8F%84%EC%9D%98_%EB%A7%88%EC%B2%9C%EB%A3%A8%EB%93%A4.jpg/960px-%EB%8F%99%EC%9E%91%EB%8C%80%EA%B5%90%EC%97%90%EC%84%9C_%EB%B3%B8_%EC%97%AC%EC%9D%98%EB%8F%84%EC%9D%98_%EB%A7%88%EC%B2%9C%EB%A3%A8%EB%93%A4.jpg?utm_source=commons.wikimedia.org&utm_campaign=imageinfo&utm_content=thumbnail","CC BY-SA 3.0","https://creativecommons.org/licenses/by-sa/3.0","Ox1997cow","20 December 2022 (according to Exif data)","Category:Yeouido"
"89","고지대 전경","Nowon-gu Apartment buildings with Lotte World Tower","File:Nowon-gu Apartment buildings with Lotte World Tower.jpg","4000","2252","2022","https://commons.wikimedia.org/wiki/File%3ANowon-gu_Apartment_buildings_with_Lotte_World_Tower.jpg","https://upload.wikimedia.org/wikipedia/commons/a/a6/Nowon-gu_Apartment_buildings_with_Lotte_World_Tower.jpg?utm_source=commons.wikimedia.org&utm_campaign=imageinfo&utm_content=original","https://upload.wikimedia.org/wikipedia/commons/thumb/a/a6/Nowon-gu_Apartment_buildings_with_Lotte_World_Tower.jpg/960px-Nowon-gu_Apartment_buildings_with_Lotte_World_Tower.jpg?utm_source=commons.wikimedia.org&utm_campaign=imageinfo&utm_content=thumbnail","CC BY-SA 3.0","https://creativecommons.org/licenses/by-sa/3.0","Ox1997cow","2022-08-01 16:52:33","search: Lotte World Tower view Seoul filetype:bitmap"
"90","한강 축","Dangsan Railway Bridge Han River","File:Dangsan Railway Bridge Han River.jpg","4000","2250","2022","https://commons.wikimedia.org/wiki/File%3ADangsan_Railway_Bridge_Han_River.jpg","https://upload.wikimedia.org/wikipedia/commons/1/1b/Dangsan_Railway_Bridge_Han_River.jpg?utm_source=commons.wikimedia.org&utm_campaign=imageinfo&utm_content=original","https://upload.wikimedia.org/wikipedia/commons/thumb/1/1b/Dangsan_Railway_Bridge_Han_River.jpg/960px-Dangsan_Railway_Bridge_Han_River.jpg?utm_source=commons.wikimedia.org&utm_campaign=imageinfo&utm_content=thumbnail","Public domain","","Glabb","2022-10-05","search: Han River Seoul panorama filetype:bitmap"
"91","도시 전경","Yeouido seen from Dongjak Bridge at night 20240115 02","File:Yeouido seen from Dongjak Bridge at night 20240115 02.jpg","4000","2247","2024","https://commons.wikimedia.org/wiki/File%3AYeouido_seen_from_Dongjak_Bridge_at_night_20240115_02.jpg","https://upload.wikimedia.org/wikipedia/commons/3/39/Yeouido_seen_from_Dongjak_Bridge_at_night_20240115_02.jpg?utm_source=commons.wikimedia.org&utm_campaign=imageinfo&utm_content=original","https://upload.wikimedia.org/wikipedia/commons/thumb/3/39/Yeouido_seen_from_Dongjak_Bridge_at_night_20240115_02.jpg/960px-Yeouido_seen_from_Dongjak_Bridge_at_night_20240115_02.jpg?utm_source=commons.wikimedia.org&utm_campaign=imageinfo&utm_content=thumbnail","CC BY-SA 4.0","https://creativecommons.org/licenses/by-sa/4.0","Ox1997cow","2024-01-15 18:31:03","Category:Yeouido"
"92","고지대 전경","Lotte World Tower near Cheongdam Bridge","File:Lotte World Tower near Cheongdam Bridge.jpg","4032","1960","2021","https://commons.wikimedia.org/wiki/File%3ALotte_World_Tower_near_Cheongdam_Bridge.jpg","https://upload.wikimedia.org/wikipedia/commons/1/18/Lotte_World_Tower_near_Cheongdam_Bridge.jpg?utm_source=commons.wikimedia.org&utm_campaign=imageinfo&utm_content=original","https://upload.wikimedia.org/wikipedia/commons/thumb/1/18/Lotte_World_Tower_near_Cheongdam_Bridge.jpg/960px-Lotte_World_Tower_near_Cheongdam_Bridge.jpg?utm_source=commons.wikimedia.org&utm_campaign=imageinfo&utm_content=thumbnail","CC BY 3.0","https://creativecommons.org/licenses/by/3.0","Ox1997cow","2021-08-11 09:27:10","Category:Skylines in Seoul"
"93","한강 축","Apartment buildings near Seongsu Bridge","File:Apartment buildings near Seongsu Bridge.jpg","4000","1807","2023","https://commons.wikimedia.org/wiki/File%3AApartment_buildings_near_Seongsu_Bridge.jpg","https://upload.wikimedia.org/wikipedia/commons/8/85/Apartment_buildings_near_Seongsu_Bridge.jpg?utm_source=commons.wikimedia.org&utm_campaign=imageinfo&utm_content=original","https://upload.wikimedia.org/wikipedia/commons/thumb/8/85/Apartment_buildings_near_Seongsu_Bridge.jpg/960px-Apartment_buildings_near_Seongsu_Bridge.jpg?utm_source=commons.wikimedia.org&utm_campaign=imageinfo&utm_content=thumbnail","CC BY-SA 4.0","https://creativecommons.org/licenses/by-sa/4.0","Ox1997cow","2023-07-26 07:54:21","search: Han River Seoul panorama filetype:bitmap"
"94","고지대 전경","View of Seoul Olympic Park from the Lotte World Tower","File:View of Seoul Olympic Park from the Lotte World Tower.jpg","2549","1590","2021","https://commons.wikimedia.org/wiki/File%3AView_of_Seoul_Olympic_Park_from_the_Lotte_World_Tower.jpg","https://upload.wikimedia.org/wikipedia/commons/6/61/View_of_Seoul_Olympic_Park_from_the_Lotte_World_Tower.jpg?utm_source=commons.wikimedia.org&utm_campaign=imageinfo&utm_content=original","https://upload.wikimedia.org/wikipedia/commons/thumb/6/61/View_of_Seoul_Olympic_Park_from_the_Lotte_World_Tower.jpg/960px-View_of_Seoul_Olympic_Park_from_the_Lotte_World_Tower.jpg?utm_source=commons.wikimedia.org&utm_campaign=imageinfo&utm_content=thumbnail","CC BY-SA 4.0","https://creativecommons.org/licenses/by-sa/4.0","Christophe95","2021-01-24 17:11:05","Category:Views from Lotte World Tower"
"95","한강 축","Han River and Yeouido","File:Han River and Yeouido.jpg","1204","903","2020","https://commons.wikimedia.org/wiki/File%3AHan_River_and_Yeouido.jpg","https://upload.wikimedia.org/wikipedia/commons/d/d0/Han_River_and_Yeouido.jpg?utm_source=commons.wikimedia.org&utm_campaign=imageinfo&utm_content=original","https://upload.wikimedia.org/wikipedia/commons/thumb/d/d0/Han_River_and_Yeouido.jpg/960px-Han_River_and_Yeouido.jpg?utm_source=commons.wikimedia.org&utm_campaign=imageinfo&utm_content=thumbnail","CC BY-SA 4.0","https://creativecommons.org/licenses/by-sa/4.0","Brit in Seoul","2020-09-07","Category:Yeouido"
"96","한강 축","Han River sunrise","File:Han River sunrise.jpg","1110","833","2020","https://commons.wikimedia.org/wiki/File%3AHan_River_sunrise.jpg","https://upload.wikimedia.org/wikipedia/commons/2/2e/Han_River_sunrise.jpg?utm_source=commons.wikimedia.org&utm_campaign=imageinfo&utm_content=original","https://upload.wikimedia.org/wikipedia/commons/thumb/2/2e/Han_River_sunrise.jpg/960px-Han_River_sunrise.jpg?utm_source=commons.wikimedia.org&utm_campaign=imageinfo&utm_content=thumbnail","CC BY-SA 4.0","https://creativecommons.org/licenses/by-sa/4.0","Brit in Seoul","2020-09-16","Category:Yeouido"
"97","한강 축","Han River, Seoul","File:Han River, Seoul.jpg","1110","832","2020","https://commons.wikimedia.org/wiki/File%3AHan_River%2C_Seoul.jpg","https://upload.wikimedia.org/wikipedia/commons/e/eb/Han_River%2C_Seoul.jpg?utm_source=commons.wikimedia.org&utm_campaign=imageinfo&utm_content=original","https://upload.wikimedia.org/wikipedia/commons/thumb/e/eb/Han_River%2C_Seoul.jpg/960px-Han_River%2C_Seoul.jpg?utm_source=commons.wikimedia.org&utm_campaign=imageinfo&utm_content=thumbnail","CC BY-SA 4.0","https://creativecommons.org/licenses/by-sa/4.0","Brit in Seoul","2020-09-18","Category:Yeouido"
"98","고지대 전경","Sangbongdong skyline","File:Sangbongdong skyline.jpg","1080","905","2024","https://commons.wikimedia.org/wiki/File%3ASangbongdong_skyline.jpg","https://upload.wikimedia.org/wikipedia/commons/0/0e/Sangbongdong_skyline.jpg?utm_source=commons.wikimedia.org&utm_campaign=imageinfo&utm_content=original","https://upload.wikimedia.org/wikipedia/commons/thumb/0/0e/Sangbongdong_skyline.jpg/960px-Sangbongdong_skyline.jpg?utm_source=commons.wikimedia.org&utm_campaign=imageinfo&utm_content=thumbnail","CC0","http://creativecommons.org/publicdomain/zero/1.0/deed.en","Empirest21","2024-03-24 06:32:43","search: Seoul skyline filetype:bitmap"
"99","도시 전경","서일문화예술고등학교 학교전경","File:서일문화예술고등학교 학교전경.jpg","960","720","2025","https://commons.wikimedia.org/wiki/File%3A%EC%84%9C%EC%9D%BC%EB%AC%B8%ED%99%94%EC%98%88%EC%88%A0%EA%B3%A0%EB%93%B1%ED%95%99%EA%B5%90_%ED%95%99%EA%B5%90%EC%A0%84%EA%B2%BD.jpg","https://upload.wikimedia.org/wikipedia/commons/3/36/%EC%84%9C%EC%9D%BC%EB%AC%B8%ED%99%94%EC%98%88%EC%88%A0%EA%B3%A0%EB%93%B1%ED%95%99%EA%B5%90_%ED%95%99%EA%B5%90%EC%A0%84%EA%B2%BD.jpg?utm_source=commons.wikimedia.org&utm_campaign=imageinfo&utm_content=original","https://upload.wikimedia.org/wikipedia/commons/3/36/%EC%84%9C%EC%9D%BC%EB%AC%B8%ED%99%94%EC%98%88%EC%88%A0%EA%B3%A0%EB%93%B1%ED%95%99%EA%B5%90_%ED%95%99%EA%B5%90%EC%A0%84%EA%B2%BD.jpg?utm_source=commons.wikimedia.org&utm_campaign=imageinfo&utm_content=thumbnail_unscaled","CC BY 4.0","https://creativecommons.org/licenses/by/4.0","행복티처","2025-06-04","Category:Aerial photographs of Seoul"
"100","도시 전경","Teheran-ro Yeongdong-daero crossing 8","File:Teheran-ro Yeongdong-daero crossing 8.jpg","6900","7070","2022","https://commons.wikimedia.org/wiki/File%3ATeheran-ro_Yeongdong-daero_crossing_8.jpg","https://upload.wikimedia.org/wikipedia/commons/6/66/Teheran-ro_Yeongdong-daero_crossing_8.jpg?utm_source=commons.wikimedia.org&utm_campaign=imageinfo&utm_content=original","https://upload.wikimedia.org/wikipedia/commons/thumb/6/66/Teheran-ro_Yeongdong-daero_crossing_8.jpg/960px-Teheran-ro_Yeongdong-daero_crossing_8.jpg?utm_source=commons.wikimedia.org&utm_campaign=imageinfo&utm_content=thumbnail","CC BY-SA 4.0","https://creativecommons.org/licenses/by-sa/4.0","kallerna","2022-12-05 06:17:00","search: N Seoul Tower panorama Seoul filetype:bitmap"
